fetch_datetime,result
Fri Dec 10 16:03:15 UTC 2021,"{""empty"":""TRUE""}"
Fri Dec 10 16:03:36 UTC 2021,"{""empty"":""TRUE""}"
Fri Dec 10 16:10:30 UTC 2021,"{""empty"":""TRUE""}"
Fri Dec 10 16:37:11 UTC 2021,"{""empty"":""TRUE""}"
Fri Dec 10 17:03:34 UTC 2021,"{""empty"":""TRUE""}"
Fri Dec 10 17:28:47 UTC 2021,"{""empty"":""TRUE""}"
Fri Dec 10 17:44:00 UTC 2021,"{""empty"":""TRUE""}"
Fri Dec 10 17:51:00 UTC 2021,"{""empty"":""TRUE""}"
Fri Dec 10 17:57:35 UTC 2021,"{""empty"":""TRUE""}"
Fri Dec 10 18:14:39 UTC 2021,"{""empty"":""TRUE""}"
Fri Dec 10 18:35:46 UTC 2021,"{""empty"":""TRUE""}"
Fri Dec 10 18:49:51 UTC 2021,"{""empty"":""TRUE""}"
Fri Dec 10 18:56:25 UTC 2021,"{""empty"":""TRUE""}"
Fri Dec 10 19:07:53 UTC 2021,"{""empty"":""TRUE""}"
Fri Dec 10 19:20:11 UTC 2021,"{""empty"":""TRUE""}"
Fri Dec 10 19:26:45 UTC 2021,"{""empty"":""TRUE""}"
Fri Dec 10 19:33:48 UTC 2021,"{""empty"":""TRUE""}"
Fri Dec 10 19:40:20 UTC 2021,"{""empty"":""TRUE""}"
Fri Dec 10 19:46:57 UTC 2021,"{""empty"":""TRUE""}"
Fri Dec 10 19:53:46 UTC 2021,"{""empty"":""TRUE""}"
Fri Dec 10 20:00:36 UTC 2021,"{""empty"":""TRUE""}"
Fri Dec 10 20:20:28 UTC 2021,"{""empty"":""TRUE""}"
Fri Dec 10 20:33:41 UTC 2021,"{""empty"":""TRUE""}"
Fri Dec 10 20:43:10 UTC 2021,"{""empty"":""TRUE""}"
Fri Dec 10 20:49:47 UTC 2021,"{""empty"":""TRUE""}"
Fri Dec 10 20:56:18 UTC 2021,"{""empty"":""TRUE""}"
Fri Dec 10 21:08:01 UTC 2021,"{""empty"":""TRUE""}"
Fri Dec 10 21:23:16 UTC 2021,"{""empty"":""TRUE""}"
Fri Dec 10 21:32:15 UTC 2021,"{""empty"":""TRUE""}"
Fri Dec 10 21:41:09 UTC 2021,"{""empty"":""TRUE""}"
Fri Dec 10 21:48:01 UTC 2021,"{""empty"":""TRUE""}"
Fri Dec 10 21:54:43 UTC 2021,"{""empty"":""TRUE""}"
Fri Dec 10 22:04:18 UTC 2021,"{""empty"":""TRUE""}"
Fri Dec 10 22:23:37 UTC 2021,"{""empty"":""TRUE""}"
Fri Dec 10 22:35:25 UTC 2021,"{""empty"":""TRUE""}"
Fri Dec 10 22:43:34 UTC 2021,"{""empty"":""TRUE""}"
Fri Dec 10 22:50:15 UTC 2021,"{""empty"":""TRUE""}"
Fri Dec 10 22:56:54 UTC 2021,"{""empty"":""TRUE""}"
Fri Dec 10 23:10:49 UTC 2021,"{""empty"":""TRUE""}"
Fri Dec 10 23:28:01 UTC 2021,"{""empty"":""TRUE""}"
Fri Dec 10 23:37:59 UTC 2021,"{""empty"":""TRUE""}"
Fri Dec 10 23:44:50 UTC 2021,"{""empty"":""TRUE""}"
Fri Dec 10 23:51:29 UTC 2021,"{""empty"":""TRUE""}"
Fri Dec 10 23:58:12 UTC 2021,"{""empty"":""TRUE""}"
Sat Dec 11 00:46:52 UTC 2021,"{""empty"":""TRUE""}"
Sat Dec 11 01:44:46 UTC 2021,"{""empty"":""TRUE""}"
Sat Dec 11 02:21:18 UTC 2021,"{""empty"":""TRUE""}"
Sat Dec 11 02:48:45 UTC 2021,"{""empty"":""TRUE""}"
Sat Dec 11 02:58:24 UTC 2021,"{""empty"":""TRUE""}"
Sat Dec 11 03:14:28 UTC 2021,"{""empty"":""TRUE""}"
Sat Dec 11 03:30:37 UTC 2021,"{""empty"":""TRUE""}"
Sat Dec 11 03:42:19 UTC 2021,"{""empty"":""TRUE""}"
Sat Dec 11 03:48:46 UTC 2021,"{""empty"":""TRUE""}"
Sat Dec 11 03:55:27 UTC 2021,"{""empty"":""TRUE""}"
Sat Dec 11 04:08:36 UTC 2021,"{""empty"":""TRUE""}"
Sat Dec 11 04:35:24 UTC 2021,"{""empty"":""TRUE""}"
Sat Dec 11 04:53:43 UTC 2021,"{""empty"":""TRUE""}"
Sat Dec 11 05:01:06 UTC 2021,"{""empty"":""TRUE""}"
Sat Dec 11 05:18:34 UTC 2021,"{""empty"":""TRUE""}"
Sat Dec 11 05:29:12 UTC 2021,"{""empty"":""TRUE""}"
Sat Dec 11 05:36:35 UTC 2021,"{""empty"":""TRUE""}"
Sat Dec 11 05:43:08 UTC 2021,"{""empty"":""TRUE""}"
Sat Dec 11 05:49:34 UTC 2021,"{""empty"":""TRUE""}"
Sat Dec 11 05:56:15 UTC 2021,"{""empty"":""TRUE""}"
Sat Dec 11 06:10:40 UTC 2021,"{""empty"":""TRUE""}"
Sat Dec 11 06:33:19 UTC 2021,"{""empty"":""TRUE""}"
Sat Dec 11 06:49:38 UTC 2021,"{""empty"":""TRUE""}"
Sat Dec 11 06:56:08 UTC 2021,"{""empty"":""TRUE""}"
Sat Dec 11 07:08:56 UTC 2021,"{""empty"":""TRUE""}"
Sat Dec 11 07:24:27 UTC 2021,"{""empty"":""TRUE""}"
Sat Dec 11 07:32:30 UTC 2021,"{""empty"":""TRUE""}"
Sat Dec 11 07:39:20 UTC 2021,"{""empty"":""TRUE""}"
Sat Dec 11 07:45:59 UTC 2021,"{""empty"":""TRUE""}"
Sat Dec 11 07:52:45 UTC 2021,"{""empty"":""TRUE""}"
Sat Dec 11 07:59:26 UTC 2021,"{""empty"":""TRUE""}"
Sat Dec 11 08:19:35 UTC 2021,"{""empty"":""TRUE""}"
Sat Dec 11 08:37:11 UTC 2021,"{""empty"":""TRUE""}"
Sat Dec 11 08:47:46 UTC 2021,"{""empty"":""TRUE""}"
Sat Dec 11 08:54:20 UTC 2021,"{""empty"":""TRUE""}"
Sat Dec 11 09:03:16 UTC 2021,"{""empty"":""TRUE""}"
Sat Dec 11 09:23:16 UTC 2021,"{""empty"":""TRUE""}"
Sat Dec 11 09:34:57 UTC 2021,"{""empty"":""TRUE""}"
Sat Dec 11 09:44:11 UTC 2021,"{""empty"":""TRUE""}"
Sat Dec 11 09:50:44 UTC 2021,"{""empty"":""TRUE""}"
Sat Dec 11 09:57:25 UTC 2021,"{""empty"":""TRUE""}"
Sat Dec 11 10:12:23 UTC 2021,"{""empty"":""TRUE""}"
Sat Dec 11 10:31:39 UTC 2021,"{""empty"":""TRUE""}"
Sat Dec 11 10:43:34 UTC 2021,"{""empty"":""TRUE""}"
Sat Dec 11 10:50:03 UTC 2021,"{""empty"":""TRUE""}"
Sat Dec 11 10:56:36 UTC 2021,"{""empty"":""TRUE""}"
Sat Dec 11 11:08:17 UTC 2021,"{""empty"":""TRUE""}"
Sat Dec 11 11:22:16 UTC 2021,"{""empty"":""TRUE""}"
Sat Dec 11 11:29:35 UTC 2021,"{""empty"":""TRUE""}"
Sat Dec 11 11:36:10 UTC 2021,"{""empty"":""TRUE""}"
Sat Dec 11 11:42:42 UTC 2021,"{""empty"":""TRUE""}"
Sat Dec 11 11:49:23 UTC 2021,"{""empty"":""TRUE""}"
Sat Dec 11 11:56:05 UTC 2021,"{""empty"":""TRUE""}"
Sat Dec 11 12:13:03 UTC 2021,"{""empty"":""TRUE""}"
Sat Dec 11 12:45:24 UTC 2021,"{""empty"":""TRUE""}"
Sat Dec 11 13:04:57 UTC 2021,"{""empty"":""TRUE""}"
Sat Dec 11 13:27:03 UTC 2021,"{""empty"":""TRUE""}"
Sat Dec 11 13:37:15 UTC 2021,"{""empty"":""TRUE""}"
Sat Dec 11 13:43:50 UTC 2021,"{""empty"":""TRUE""}"
Sat Dec 11 13:50:23 UTC 2021,"{""empty"":""TRUE""}"
Sat Dec 11 13:57:06 UTC 2021,"{""empty"":""TRUE""}"
Sat Dec 11 14:10:01 UTC 2021,"{""empty"":""TRUE""}"
Sat Dec 11 14:24:03 UTC 2021,"{""empty"":""TRUE""}"
Sat Dec 11 14:33:13 UTC 2021,"{""empty"":""TRUE""}"
Sat Dec 11 14:39:02 UTC 2021,"{""empty"":""TRUE""}"
Sat Dec 11 14:45:35 UTC 2021,"{""empty"":""TRUE""}"
Sat Dec 11 14:52:20 UTC 2021,"{""empty"":""TRUE""}"
Sat Dec 11 14:59:00 UTC 2021,"{""empty"":""TRUE""}"
Sat Dec 11 15:15:38 UTC 2021,"{""empty"":""TRUE""}"
Sat Dec 11 15:32:58 UTC 2021,"{""empty"":""TRUE""}"
Sat Dec 11 15:46:07 UTC 2021,"{""empty"":""TRUE""}"
Sat Dec 11 15:52:45 UTC 2021,"{""empty"":""TRUE""}"
Sat Dec 11 15:59:20 UTC 2021,"{""empty"":""TRUE""}"
Sat Dec 11 16:24:47 UTC 2021,"{""empty"":""TRUE""}"
Sat Dec 11 16:55:31 UTC 2021,"{""empty"":""TRUE""}"
Sat Dec 11 17:13:33 UTC 2021,"{""empty"":""TRUE""}"
Sat Dec 11 17:35:03 UTC 2021,"{""empty"":""TRUE""}"
Sat Dec 11 17:45:44 UTC 2021,"{""empty"":""TRUE""}"
Sat Dec 11 17:52:13 UTC 2021,"{""empty"":""TRUE""}"
Sat Dec 11 17:58:46 UTC 2021,"{""empty"":""TRUE""}"
Sat Dec 11 18:17:07 UTC 2021,"{""empty"":""TRUE""}"
Sat Dec 11 18:36:29 UTC 2021,"{""empty"":""TRUE""}"
Sat Dec 11 18:49:02 UTC 2021,"{""empty"":""TRUE""}"
Sat Dec 11 18:55:38 UTC 2021,"{""empty"":""TRUE""}"
Sat Dec 11 19:06:20 UTC 2021,"{""empty"":""TRUE""}"
Sat Dec 11 19:19:03 UTC 2021,"{""empty"":""TRUE""}"
Sat Dec 11 19:25:35 UTC 2021,"{""empty"":""TRUE""}"
Sat Dec 11 19:32:39 UTC 2021,"{""empty"":""TRUE""}"
Sat Dec 11 19:39:34 UTC 2021,"{""empty"":""TRUE""}"
Sat Dec 11 19:46:17 UTC 2021,"{""empty"":""TRUE""}"
Sat Dec 11 19:53:03 UTC 2021,"{""empty"":""TRUE""}"
Sat Dec 11 19:59:41 UTC 2021,"{""empty"":""TRUE""}"
Sat Dec 11 20:18:11 UTC 2021,"{""empty"":""TRUE""}"
Sat Dec 11 20:31:46 UTC 2021,"{""empty"":""TRUE""}"
Sat Dec 11 20:41:40 UTC 2021,"{""empty"":""TRUE""}"
Sat Dec 11 20:48:19 UTC 2021,"{""empty"":""TRUE""}"
Sat Dec 11 20:55:02 UTC 2021,"{""empty"":""TRUE""}"
Sat Dec 11 21:04:34 UTC 2021,"{""empty"":""TRUE""}"
Sat Dec 11 21:20:29 UTC 2021,"{""empty"":""TRUE""}"
Sat Dec 11 21:30:41 UTC 2021,"{""empty"":""TRUE""}"
Sat Dec 11 21:39:09 UTC 2021,"{""empty"":""TRUE""}"
Sat Dec 11 21:45:52 UTC 2021,"{""empty"":""TRUE""}"
Sat Dec 11 21:52:37 UTC 2021,"{""empty"":""TRUE""}"
Sat Dec 11 21:59:13 UTC 2021,"{""empty"":""TRUE""}"
Sat Dec 11 22:15:28 UTC 2021,"{""empty"":""TRUE""}"
Sat Dec 11 22:30:57 UTC 2021,"{""empty"":""TRUE""}"
Sat Dec 11 22:40:45 UTC 2021,"{""empty"":""TRUE""}"
Sat Dec 11 22:47:24 UTC 2021,"{""empty"":""TRUE""}"
Sat Dec 11 22:54:07 UTC 2021,"{""empty"":""TRUE""}"
Sat Dec 11 23:01:47 UTC 2021,"{""empty"":""TRUE""}"
Sat Dec 11 23:22:12 UTC 2021,"{""empty"":""TRUE""}"
Sat Dec 11 23:33:03 UTC 2021,"{""empty"":""TRUE""}"
Sat Dec 11 23:41:45 UTC 2021,"{""empty"":""TRUE""}"
Sat Dec 11 23:48:29 UTC 2021,"{""empty"":""TRUE""}"
Sat Dec 11 23:55:11 UTC 2021,"{""empty"":""TRUE""}"
Sun Dec 12 00:26:40 UTC 2021,"{""empty"":""TRUE""}"
Sun Dec 12 01:39:57 UTC 2021,"{""empty"":""TRUE""}"
Sun Dec 12 02:20:47 UTC 2021,"{""empty"":""TRUE""}"
Sun Dec 12 02:47:06 UTC 2021,"{""empty"":""TRUE""}"
Sun Dec 12 02:57:08 UTC 2021,"{""empty"":""TRUE""}"
Sun Dec 12 03:11:10 UTC 2021,"{""empty"":""TRUE""}"
Sun Dec 12 03:28:45 UTC 2021,"{""empty"":""TRUE""}"
Sun Dec 12 03:39:57 UTC 2021,"{""empty"":""TRUE""}"
Sun Dec 12 03:47:15 UTC 2021,"{""empty"":""TRUE""}"
Sun Dec 12 03:53:59 UTC 2021,"{""empty"":""TRUE""}"
Sun Dec 12 04:01:49 UTC 2021,"{""empty"":""TRUE""}"
Sun Dec 12 04:29:47 UTC 2021,"{""empty"":""TRUE""}"
Sun Dec 12 04:50:45 UTC 2021,"{""empty"":""TRUE""}"
Sun Dec 12 04:59:59 UTC 2021,"{""empty"":""TRUE""}"
Sun Dec 12 05:15:55 UTC 2021,"{""empty"":""TRUE""}"
Sun Dec 12 05:27:57 UTC 2021,"{""empty"":""TRUE""}"
Sun Dec 12 05:35:23 UTC 2021,"{""empty"":""TRUE""}"
Sun Dec 12 05:41:55 UTC 2021,"{""empty"":""TRUE""}"
Sun Dec 12 05:48:25 UTC 2021,"{""empty"":""TRUE""}"
Sun Dec 12 05:55:09 UTC 2021,"{""empty"":""TRUE""}"
Sun Dec 12 06:07:31 UTC 2021,"{""empty"":""TRUE""}"
Sun Dec 12 06:30:44 UTC 2021,"{""empty"":""TRUE""}"
Sun Dec 12 06:47:47 UTC 2021,"{""empty"":""TRUE""}"
Sun Dec 12 06:54:50 UTC 2021,"{""empty"":""TRUE""}"
Sun Dec 12 07:05:54 UTC 2021,"{""empty"":""TRUE""}"
Sun Dec 12 07:22:55 UTC 2021,"{""empty"":""TRUE""}"
Sun Dec 12 07:31:32 UTC 2021,"{""empty"":""TRUE""}"
Sun Dec 12 07:38:40 UTC 2021,"{""empty"":""TRUE""}"
Sun Dec 12 07:45:19 UTC 2021,"{""empty"":""TRUE""}"
Sun Dec 12 07:51:58 UTC 2021,"{""empty"":""TRUE""}"
Sun Dec 12 07:58:33 UTC 2021,"{""empty"":""TRUE""}"
Sun Dec 12 08:16:57 UTC 2021,"{""empty"":""TRUE""}"
Sun Dec 12 08:35:33 UTC 2021,"{""empty"":""TRUE""}"
Sun Dec 12 08:46:15 UTC 2021,"{""empty"":""TRUE""}"
Sun Dec 12 08:53:03 UTC 2021,"{""empty"":""TRUE""}"
Sun Dec 12 08:59:40 UTC 2021,"{""empty"":""TRUE""}"
Sun Dec 12 09:16:57 UTC 2021,"{""empty"":""TRUE""}"
Sun Dec 12 09:31:19 UTC 2021,"{""empty"":""TRUE""}"
Sun Dec 12 09:42:05 UTC 2021,"{""empty"":""TRUE""}"
Sun Dec 12 09:48:44 UTC 2021,"{""empty"":""TRUE""}"
Sun Dec 12 09:55:25 UTC 2021,"{""empty"":""TRUE""}"
Sun Dec 12 10:07:38 UTC 2021,"{""empty"":""TRUE""}"
Sun Dec 12 10:28:04 UTC 2021,"{""empty"":""TRUE""}"
Sun Dec 12 10:39:41 UTC 2021,"{""empty"":""TRUE""}"
Sun Dec 12 10:46:59 UTC 2021,"{""empty"":""TRUE""}"
Sun Dec 12 10:53:38 UTC 2021,"{""empty"":""TRUE""}"
Sun Dec 12 11:00:27 UTC 2021,"{""empty"":""TRUE""}"
Sun Dec 12 11:15:29 UTC 2021,"{""empty"":""TRUE""}"
Sun Dec 12 11:26:31 UTC 2021,"{""empty"":""TRUE""}"
Sun Dec 12 11:33:29 UTC 2021,"{""empty"":""TRUE""}"
Sun Dec 12 11:40:15 UTC 2021,"{""empty"":""TRUE""}"
Sun Dec 12 11:46:58 UTC 2021,"{""empty"":""TRUE""}"
Sun Dec 12 11:53:43 UTC 2021,"{""empty"":""TRUE""}"
Sun Dec 12 12:00:29 UTC 2021,"{""empty"":""TRUE""}"
Sun Dec 12 12:29:52 UTC 2021,"{""empty"":""TRUE""}"
Sun Dec 12 12:57:32 UTC 2021,"{""empty"":""TRUE""}"
Sun Dec 12 13:17:40 UTC 2021,"{""empty"":""TRUE""}"
Sun Dec 12 13:33:08 UTC 2021,"{""empty"":""TRUE""}"
Sun Dec 12 13:41:37 UTC 2021,"{""empty"":""TRUE""}"
Sun Dec 12 13:49:32 UTC 2021,"{""empty"":""TRUE""}"
Sun Dec 12 13:55:03 UTC 2021,"{""empty"":""TRUE""}"
Sun Dec 12 14:05:35 UTC 2021,"{""empty"":""TRUE""}"
Sun Dec 12 14:21:44 UTC 2021,"{""empty"":""TRUE""}"
Sun Dec 12 14:30:20 UTC 2021,"{""empty"":""TRUE""}"
Sun Dec 12 14:38:07 UTC 2021,"{""empty"":""TRUE""}"
Sun Dec 12 14:44:52 UTC 2021,"{""empty"":""TRUE""}"
Sun Dec 12 14:51:36 UTC 2021,"{""empty"":""TRUE""}"
Sun Dec 12 14:58:14 UTC 2021,"{""empty"":""TRUE""}"
Sun Dec 12 15:13:50 UTC 2021,"{""empty"":""TRUE""}"
Sun Dec 12 15:32:33 UTC 2021,"{""empty"":""TRUE""}"
Sun Dec 12 15:46:26 UTC 2021,"{""empty"":""TRUE""}"
Sun Dec 12 15:53:17 UTC 2021,"{""empty"":""TRUE""}"
Sun Dec 12 16:00:00 UTC 2021,"{""empty"":""TRUE""}"
Sun Dec 12 16:27:38 UTC 2021,"{""empty"":""TRUE""}"
Sun Dec 12 16:57:48 UTC 2021,"{""empty"":""TRUE""}"
Sun Dec 12 17:18:00 UTC 2021,"{""empty"":""TRUE""}"
Sun Dec 12 17:37:26 UTC 2021,"{""empty"":""TRUE""}"
Sun Dec 12 17:46:36 UTC 2021,"{""empty"":""TRUE""}"
Sun Dec 12 17:53:10 UTC 2021,"{""empty"":""TRUE""}"
Sun Dec 12 17:59:46 UTC 2021,"{""empty"":""TRUE""}"
Sun Dec 12 18:19:56 UTC 2021,"{""empty"":""TRUE""}"
Sun Dec 12 18:37:40 UTC 2021,"{""empty"":""TRUE""}"
Sun Dec 12 18:49:24 UTC 2021,"{""empty"":""TRUE""}"
Sun Dec 12 18:56:06 UTC 2021,"{""empty"":""TRUE""}"
Sun Dec 12 19:06:53 UTC 2021,"{""empty"":""TRUE""}"
Sun Dec 12 19:19:32 UTC 2021,"{""empty"":""TRUE""}"
Sun Dec 12 19:26:15 UTC 2021,"{""empty"":""TRUE""}"
Sun Dec 12 19:33:21 UTC 2021,"{""empty"":""TRUE""}"
Sun Dec 12 19:39:59 UTC 2021,"{""empty"":""TRUE""}"
Sun Dec 12 19:46:44 UTC 2021,"{""empty"":""TRUE""}"
Sun Dec 12 19:53:26 UTC 2021,"{""empty"":""TRUE""}"
Sun Dec 12 20:00:08 UTC 2021,"{""empty"":""TRUE""}"
Sun Dec 12 20:18:53 UTC 2021,"{""empty"":""TRUE""}"
Sun Dec 12 20:32:17 UTC 2021,"{""empty"":""TRUE""}"
Sun Dec 12 20:42:05 UTC 2021,"{""empty"":""TRUE""}"
Sun Dec 12 20:48:50 UTC 2021,"{""empty"":""TRUE""}"
Sun Dec 12 20:55:34 UTC 2021,"{""empty"":""TRUE""}"
Sun Dec 12 21:06:36 UTC 2021,"{""empty"":""TRUE""}"
Sun Dec 12 21:22:06 UTC 2021,"{""empty"":""TRUE""}"
Sun Dec 12 21:31:20 UTC 2021,"{""empty"":""TRUE""}"
Sun Dec 12 21:39:49 UTC 2021,"{""empty"":""TRUE""}"
Sun Dec 12 21:46:27 UTC 2021,"{""empty"":""TRUE""}"
Sun Dec 12 21:53:10 UTC 2021,"{""empty"":""TRUE""}"
Sun Dec 12 21:59:49 UTC 2021,"{""empty"":""TRUE""}"
Sun Dec 12 22:17:01 UTC 2021,"{""empty"":""TRUE""}"
Sun Dec 12 22:31:47 UTC 2021,"{""empty"":""TRUE""}"
Sun Dec 12 22:41:26 UTC 2021,"{""empty"":""TRUE""}"
Sun Dec 12 22:48:01 UTC 2021,"{""empty"":""TRUE""}"
Sun Dec 12 22:54:40 UTC 2021,"{""empty"":""TRUE""}"
Sun Dec 12 23:04:08 UTC 2021,"{""empty"":""TRUE""}"
Sun Dec 12 23:23:12 UTC 2021,"{""empty"":""TRUE""}"
Sun Dec 12 23:33:19 UTC 2021,"{""empty"":""TRUE""}"
Sun Dec 12 23:41:56 UTC 2021,"{""empty"":""TRUE""}"
Sun Dec 12 23:48:36 UTC 2021,"{""empty"":""TRUE""}"
Sun Dec 12 23:55:21 UTC 2021,"{""empty"":""TRUE""}"
Mon Dec 13 00:25:44 UTC 2021,"{""empty"":""TRUE""}"
Mon Dec 13 01:36:50 UTC 2021,"{""empty"":""TRUE""}"
Mon Dec 13 02:19:07 UTC 2021,"{""empty"":""TRUE""}"
Mon Dec 13 02:46:45 UTC 2021,"{""empty"":""TRUE""}"
Mon Dec 13 02:57:30 UTC 2021,"{""empty"":""TRUE""}"
Mon Dec 13 03:12:31 UTC 2021,"{""empty"":""TRUE""}"
Mon Dec 13 03:30:09 UTC 2021,"{""empty"":""TRUE""}"
Mon Dec 13 03:42:14 UTC 2021,"{""empty"":""TRUE""}"
Mon Dec 13 03:48:51 UTC 2021,"{""empty"":""TRUE""}"
Mon Dec 13 03:55:26 UTC 2021,"{""empty"":""TRUE""}"
Mon Dec 13 04:09:29 UTC 2021,"{""empty"":""TRUE""}"
Mon Dec 13 04:36:51 UTC 2021,"{""empty"":""TRUE""}"
Mon Dec 13 04:54:52 UTC 2021,"{""empty"":""TRUE""}"
Mon Dec 13 05:06:17 UTC 2021,"{""empty"":""TRUE""}"
Mon Dec 13 05:23:18 UTC 2021,"{""empty"":""TRUE""}"
Mon Dec 13 05:31:23 UTC 2021,"{""empty"":""TRUE""}"
Mon Dec 13 05:38:50 UTC 2021,"{""empty"":""TRUE""}"
Mon Dec 13 05:45:23 UTC 2021,"{""empty"":""TRUE""}"
Mon Dec 13 05:52:10 UTC 2021,"{""empty"":""TRUE""}"
Mon Dec 13 05:58:49 UTC 2021,"{""empty"":""TRUE""}"
Mon Dec 13 06:18:35 UTC 2021,"{""empty"":""TRUE""}"
Mon Dec 13 06:40:08 UTC 2021,"{""empty"":""TRUE""}"
Mon Dec 13 06:53:31 UTC 2021,"{""empty"":""TRUE""}"
Mon Dec 13 07:00:32 UTC 2021,"{""empty"":""TRUE""}"
Mon Dec 13 07:19:02 UTC 2021,"{""empty"":""TRUE""}"
Mon Dec 13 07:31:13 UTC 2021,"{""empty"":""TRUE""}"
Mon Dec 13 07:39:20 UTC 2021,"{""empty"":""TRUE""}"
Mon Dec 13 07:46:04 UTC 2021,"{""empty"":""TRUE""}"
Mon Dec 13 07:52:42 UTC 2021,"{""empty"":""TRUE""}"
Mon Dec 13 07:59:24 UTC 2021,"{""empty"":""TRUE""}"
Mon Dec 13 08:20:19 UTC 2021,"{""empty"":""TRUE""}"
Mon Dec 13 08:38:41 UTC 2021,"{""empty"":""TRUE""}"
Mon Dec 13 08:48:47 UTC 2021,"{""empty"":""TRUE""}"
Mon Dec 13 08:55:20 UTC 2021,"{""empty"":""TRUE""}"
Mon Dec 13 09:11:55 UTC 2021,"{""empty"":""TRUE""}"
Mon Dec 13 09:27:05 UTC 2021,"{""empty"":""TRUE""}"
Mon Dec 13 09:38:49 UTC 2021,"{""empty"":""TRUE""}"
Mon Dec 13 09:46:31 UTC 2021,"{""empty"":""TRUE""}"
Mon Dec 13 09:53:06 UTC 2021,"{""empty"":""TRUE""}"
Mon Dec 13 09:59:48 UTC 2021,"{""empty"":""TRUE""}"
Mon Dec 13 10:19:53 UTC 2021,"{""empty"":""TRUE""}"
Mon Dec 13 10:36:44 UTC 2021,"{""empty"":""TRUE""}"
Mon Dec 13 10:46:36 UTC 2021,"{""empty"":""TRUE""}"
Mon Dec 13 10:53:09 UTC 2021,"{""empty"":""TRUE""}"
Mon Dec 13 10:59:53 UTC 2021,"{""empty"":""TRUE""}"
Mon Dec 13 11:15:03 UTC 2021,"{""empty"":""TRUE""}"
Mon Dec 13 11:27:07 UTC 2021,"{""empty"":""TRUE""}"
Mon Dec 13 11:34:06 UTC 2021,"{""empty"":""TRUE""}"
Mon Dec 13 11:40:50 UTC 2021,"{""empty"":""TRUE""}"
Mon Dec 13 11:47:35 UTC 2021,"{""empty"":""TRUE""}"
Mon Dec 13 11:54:20 UTC 2021,"{""empty"":""TRUE""}"
Mon Dec 13 12:07:29 UTC 2021,"{""empty"":""TRUE""}"
Mon Dec 13 12:42:10 UTC 2021,"{""empty"":""TRUE""}"
Mon Dec 13 13:04:51 UTC 2021,"{""empty"":""TRUE""}"
Mon Dec 13 13:29:14 UTC 2021,"{""empty"":""TRUE""}"
Mon Dec 13 13:40:57 UTC 2021,"{""empty"":""TRUE""}"
Mon Dec 13 13:47:40 UTC 2021,"{""empty"":""TRUE""}"
Mon Dec 13 13:54:08 UTC 2021,"{""empty"":""TRUE""}"
Mon Dec 13 14:02:35 UTC 2021,"{""empty"":""TRUE""}"
Mon Dec 13 14:21:27 UTC 2021,"{""empty"":""TRUE""}"
Mon Dec 13 14:31:19 UTC 2021,"{""empty"":""TRUE""}"
Mon Dec 13 14:39:59 UTC 2021,"{""empty"":""TRUE""}"
Mon Dec 13 14:46:43 UTC 2021,"{""empty"":""TRUE""}"
Mon Dec 13 14:53:29 UTC 2021,"{""empty"":""TRUE""}"
Mon Dec 13 15:00:15 UTC 2021,"{""empty"":""TRUE""}"
Mon Dec 13 15:20:06 UTC 2021,"{""empty"":""TRUE""}"
Mon Dec 13 15:37:26 UTC 2021,"{""empty"":""TRUE""}"
Mon Dec 13 15:48:23 UTC 2021,"{""empty"":""TRUE""}"
Mon Dec 13 15:55:11 UTC 2021,"{""empty"":""TRUE""}"
Mon Dec 13 16:09:19 UTC 2021,"{""empty"":""TRUE""}"
Mon Dec 13 16:45:36 UTC 2021,"{""empty"":""TRUE""}"
Mon Dec 13 17:05:38 UTC 2021,"{""empty"":""TRUE""}"
Mon Dec 13 17:31:51 UTC 2021,"{""empty"":""TRUE""}"
Mon Dec 13 17:43:55 UTC 2021,"{""empty"":""TRUE""}"
Mon Dec 13 17:50:30 UTC 2021,"{""empty"":""TRUE""}"
Mon Dec 13 17:57:39 UTC 2021,"{""empty"":""TRUE""}"
Mon Dec 13 18:12:57 UTC 2021,"{""empty"":""TRUE""}"
Mon Dec 13 18:33:22 UTC 2021,"{""empty"":""TRUE""}"
Mon Dec 13 18:47:59 UTC 2021,"{""empty"":""TRUE""}"
Mon Dec 13 18:53:58 UTC 2021,"{""empty"":""TRUE""}"
Mon Dec 13 19:01:15 UTC 2021,"{""empty"":""TRUE""}"
Mon Dec 13 19:16:51 UTC 2021,"{""empty"":""TRUE""}"
Mon Dec 13 19:24:59 UTC 2021,"{""empty"":""TRUE""}"
Mon Dec 13 19:31:39 UTC 2021,"{""empty"":""TRUE""}"
Mon Dec 13 19:38:28 UTC 2021,"{""empty"":""TRUE""}"
Mon Dec 13 19:45:13 UTC 2021,"{""empty"":""TRUE""}"
Mon Dec 13 19:51:57 UTC 2021,"{""empty"":""TRUE""}"
Mon Dec 13 19:58:41 UTC 2021,"{""empty"":""TRUE""}"
Mon Dec 13 20:16:00 UTC 2021,"{""empty"":""TRUE""}"
Mon Dec 13 20:31:51 UTC 2021,"{""empty"":""TRUE""}"
Mon Dec 13 20:42:29 UTC 2021,"{""empty"":""TRUE""}"
Mon Dec 13 20:49:15 UTC 2021,"{""empty"":""TRUE""}"
Mon Dec 13 20:55:58 UTC 2021,"{""empty"":""TRUE""}"
Mon Dec 13 21:07:38 UTC 2021,"{""empty"":""TRUE""}"
Mon Dec 13 21:23:12 UTC 2021,"{""empty"":""TRUE""}"
Mon Dec 13 21:32:22 UTC 2021,"{""empty"":""TRUE""}"
Mon Dec 13 21:41:03 UTC 2021,"{""empty"":""TRUE""}"
Mon Dec 13 21:47:41 UTC 2021,"{""empty"":""TRUE""}"
Mon Dec 13 21:54:24 UTC 2021,"{""empty"":""TRUE""}"
Mon Dec 13 22:02:44 UTC 2021,"{""empty"":""TRUE""}"
Mon Dec 13 22:19:15 UTC 2021,"{""empty"":""TRUE""}"
Mon Dec 13 22:30:39 UTC 2021,"{""empty"":""TRUE""}"
Mon Dec 13 22:38:54 UTC 2021,"{""empty"":""TRUE""}"
Mon Dec 13 22:45:45 UTC 2021,"{""empty"":""TRUE""}"
Mon Dec 13 22:52:30 UTC 2021,"{""empty"":""TRUE""}"
Mon Dec 13 22:59:19 UTC 2021,"{""empty"":""TRUE""}"
Mon Dec 13 23:16:43 UTC 2021,"{""empty"":""TRUE""}"
Mon Dec 13 23:31:17 UTC 2021,"{""empty"":""TRUE""}"
Mon Dec 13 23:41:29 UTC 2021,"{""empty"":""TRUE""}"
Mon Dec 13 23:48:01 UTC 2021,"{""empty"":""TRUE""}"
Mon Dec 13 23:54:37 UTC 2021,"{""empty"":""TRUE""}"
Tue Dec 14 00:20:22 UTC 2021,"{""empty"":""TRUE""}"
Tue Dec 14 01:37:07 UTC 2021,"{""empty"":""TRUE""}"
Tue Dec 14 02:21:42 UTC 2021,"{""empty"":""TRUE""}"
Tue Dec 14 02:48:38 UTC 2021,"{""empty"":""TRUE""}"
Tue Dec 14 02:58:32 UTC 2021,"{""empty"":""TRUE""}"
Tue Dec 14 03:14:47 UTC 2021,"{""empty"":""TRUE""}"
Tue Dec 14 03:30:51 UTC 2021,"{""empty"":""TRUE""}"
Tue Dec 14 03:42:49 UTC 2021,"{""empty"":""TRUE""}"
Tue Dec 14 03:49:20 UTC 2021,"{""empty"":""TRUE""}"
Tue Dec 14 03:55:54 UTC 2021,"{""empty"":""TRUE""}"
Tue Dec 14 04:10:36 UTC 2021,"{""empty"":""TRUE""}"
Tue Dec 14 04:37:57 UTC 2021,"{""empty"":""TRUE""}"
Tue Dec 14 04:54:57 UTC 2021,"{""empty"":""TRUE""}"
Tue Dec 14 05:06:11 UTC 2021,"{""empty"":""TRUE""}"
Tue Dec 14 05:23:24 UTC 2021,"{""empty"":""TRUE""}"
Tue Dec 14 05:31:35 UTC 2021,"{""empty"":""TRUE""}"
Tue Dec 14 05:38:59 UTC 2021,"{""empty"":""TRUE""}"
Tue Dec 14 05:45:36 UTC 2021,"{""empty"":""TRUE""}"
Tue Dec 14 05:52:16 UTC 2021,"{""empty"":""TRUE""}"
Tue Dec 14 05:58:56 UTC 2021,"{""empty"":""TRUE""}"
Tue Dec 14 06:18:33 UTC 2021,"{""empty"":""TRUE""}"
Tue Dec 14 06:38:00 UTC 2021,"{""empty"":""TRUE""}"
Tue Dec 14 06:50:48 UTC 2021,"{""empty"":""TRUE""}"
Tue Dec 14 06:57:32 UTC 2021,"{""empty"":""TRUE""}"
Tue Dec 14 07:12:13 UTC 2021,"{""empty"":""TRUE""}"
Tue Dec 14 07:27:38 UTC 2021,"{""empty"":""TRUE""}"
Tue Dec 14 07:36:05 UTC 2021,"{""empty"":""TRUE""}"
Tue Dec 14 07:42:38 UTC 2021,"{""empty"":""TRUE""}"
Tue Dec 14 07:50:22 UTC 2021,"{""empty"":""TRUE""}"
Tue Dec 14 07:55:59 UTC 2021,"{""empty"":""TRUE""}"
Tue Dec 14 08:11:00 UTC 2021,"{""empty"":""TRUE""}"
Tue Dec 14 08:34:01 UTC 2021,"{""empty"":""TRUE""}"
Tue Dec 14 08:46:58 UTC 2021,"{""empty"":""TRUE""}"
Tue Dec 14 08:53:39 UTC 2021,"{""empty"":""TRUE""}"
Tue Dec 14 09:00:25 UTC 2021,"{""empty"":""TRUE""}"
Tue Dec 14 09:20:32 UTC 2021,"{""empty"":""TRUE""}"
Tue Dec 14 09:33:36 UTC 2021,"{""empty"":""TRUE""}"
Tue Dec 14 09:44:09 UTC 2021,"{""empty"":""TRUE""}"
Tue Dec 14 09:51:01 UTC 2021,"{""empty"":""TRUE""}"
Tue Dec 14 09:57:40 UTC 2021,"{""empty"":""TRUE""}"
Tue Dec 14 10:13:58 UTC 2021,"{""empty"":""TRUE""}"
Tue Dec 14 10:33:04 UTC 2021,"{""empty"":""TRUE""}"
Tue Dec 14 10:44:31 UTC 2021,"{""empty"":""TRUE""}"
Tue Dec 14 10:51:06 UTC 2021,"{""empty"":""TRUE""}"
Tue Dec 14 10:57:34 UTC 2021,"{""empty"":""TRUE""}"
Tue Dec 14 11:10:24 UTC 2021,"{""empty"":""TRUE""}"
Tue Dec 14 11:24:30 UTC 2021,"{""empty"":""TRUE""}"
Tue Dec 14 11:31:23 UTC 2021,"{""empty"":""TRUE""}"
Tue Dec 14 11:37:57 UTC 2021,"{""empty"":""TRUE""}"
Tue Dec 14 11:44:36 UTC 2021,"{""empty"":""TRUE""}"
Tue Dec 14 11:51:20 UTC 2021,"{""empty"":""TRUE""}"
Tue Dec 14 11:57:59 UTC 2021,"{""empty"":""TRUE""}"
Tue Dec 14 12:21:30 UTC 2021,"{""empty"":""TRUE""}"
Tue Dec 14 12:51:43 UTC 2021,"{""empty"":""TRUE""}"
Tue Dec 14 13:11:10 UTC 2021,"{""empty"":""TRUE""}"
Tue Dec 14 13:31:55 UTC 2021,"{""empty"":""TRUE""}"
Tue Dec 14 13:42:01 UTC 2021,"{""empty"":""TRUE""}"
Tue Dec 14 13:48:33 UTC 2021,"{""empty"":""TRUE""}"
Tue Dec 14 13:55:03 UTC 2021,"{""empty"":""TRUE""}"
Tue Dec 14 14:05:55 UTC 2021,"{""empty"":""TRUE""}"
Tue Dec 14 14:22:48 UTC 2021,"{""empty"":""TRUE""}"
Tue Dec 14 14:31:44 UTC 2021,"{""empty"":""TRUE""}"
Tue Dec 14 14:40:08 UTC 2021,"{""empty"":""TRUE""}"
Tue Dec 14 14:46:49 UTC 2021,"{""empty"":""TRUE""}"
Tue Dec 14 14:53:40 UTC 2021,"{""empty"":""TRUE""}"
Tue Dec 14 15:00:18 UTC 2021,"{""empty"":""TRUE""}"
Tue Dec 14 15:20:04 UTC 2021,"{""empty"":""TRUE""}"
Tue Dec 14 15:37:16 UTC 2021,"{""empty"":""TRUE""}"
Tue Dec 14 15:49:16 UTC 2021,"{""empty"":""TRUE""}"
Tue Dec 14 15:55:49 UTC 2021,"{""empty"":""TRUE""}"
Tue Dec 14 16:11:37 UTC 2021,"{""empty"":""TRUE""}"
Tue Dec 14 16:48:44 UTC 2021,"{""empty"":""TRUE""}"
Tue Dec 14 17:10:15 UTC 2021,"{""empty"":""TRUE""}"
Tue Dec 14 17:31:08 UTC 2021,"{""empty"":""TRUE""}"
Tue Dec 14 17:41:39 UTC 2021,"{""empty"":""TRUE""}"
Tue Dec 14 17:47:43 UTC 2021,"{""empty"":""TRUE""}"
Tue Dec 14 17:54:14 UTC 2021,"{""empty"":""TRUE""}"
Tue Dec 14 18:03:39 UTC 2021,"{""empty"":""TRUE""}"
Tue Dec 14 18:28:06 UTC 2021,"{""empty"":""TRUE""}"
Tue Dec 14 18:44:10 UTC 2021,"{""empty"":""TRUE""}"
Tue Dec 14 18:53:22 UTC 2021,"{""empty"":""TRUE""}"
Tue Dec 14 18:59:51 UTC 2021,"{""empty"":""TRUE""}"
Tue Dec 14 19:14:29 UTC 2021,"{""empty"":""TRUE""}"
Tue Dec 14 19:23:40 UTC 2021,"{""empty"":""TRUE""}"
Tue Dec 14 19:30:22 UTC 2021,"{""empty"":""TRUE""}"
Tue Dec 14 19:37:21 UTC 2021,"{""empty"":""TRUE""}"
Tue Dec 14 19:44:05 UTC 2021,"{""empty"":""TRUE""}"
Tue Dec 14 19:50:48 UTC 2021,"{""empty"":""TRUE""}"
Tue Dec 14 19:57:32 UTC 2021,"{""empty"":""TRUE""}"
Tue Dec 14 20:12:54 UTC 2021,"{""empty"":""TRUE""}"
Tue Dec 14 20:30:30 UTC 2021,"{""empty"":""TRUE""}"
Tue Dec 14 20:41:14 UTC 2021,"{""empty"":""TRUE""}"
Tue Dec 14 20:47:44 UTC 2021,"{""empty"":""TRUE""}"
Tue Dec 14 20:54:26 UTC 2021,"{""empty"":""TRUE""}"
Tue Dec 14 21:02:19 UTC 2021,"{""empty"":""TRUE""}"
Tue Dec 14 21:18:22 UTC 2021,"{""empty"":""TRUE""}"
Tue Dec 14 21:28:33 UTC 2021,"{""empty"":""TRUE""}"
Tue Dec 14 21:36:00 UTC 2021,"{""empty"":""TRUE""}"
Tue Dec 14 21:42:47 UTC 2021,"{""empty"":""TRUE""}"
Tue Dec 14 21:49:36 UTC 2021,"{""empty"":""TRUE""}"
Tue Dec 14 21:56:17 UTC 2021,"{""empty"":""TRUE""}"
Tue Dec 14 22:09:22 UTC 2021,"{""empty"":""TRUE""}"
Tue Dec 14 22:27:20 UTC 2021,"{""empty"":""TRUE""}"
Tue Dec 14 22:38:34 UTC 2021,"{""empty"":""TRUE""}"
Tue Dec 14 22:45:08 UTC 2021,"{""empty"":""TRUE""}"
Tue Dec 14 22:51:55 UTC 2021,"{""empty"":""TRUE""}"
Tue Dec 14 22:58:36 UTC 2021,"{""empty"":""TRUE""}"
Tue Dec 14 23:14:54 UTC 2021,"{""empty"":""TRUE""}"
Tue Dec 14 23:30:24 UTC 2021,"{""empty"":""TRUE""}"
Tue Dec 14 23:40:43 UTC 2021,"{""empty"":""TRUE""}"
Tue Dec 14 23:47:37 UTC 2021,"{""empty"":""TRUE""}"
Tue Dec 14 23:54:29 UTC 2021,"{""empty"":""TRUE""}"
Wed Dec 15 00:19:22 UTC 2021,"{""empty"":""TRUE""}"
Wed Dec 15 01:32:47 UTC 2021,"{""empty"":""TRUE""}"
Wed Dec 15 02:18:04 UTC 2021,"{""empty"":""TRUE""}"
Wed Dec 15 02:45:59 UTC 2021,"{""empty"":""TRUE""}"
Wed Dec 15 02:56:48 UTC 2021,"{""empty"":""TRUE""}"
Wed Dec 15 03:10:51 UTC 2021,"{""empty"":""TRUE""}"
Wed Dec 15 03:29:03 UTC 2021,"{""empty"":""TRUE""}"
Wed Dec 15 03:40:48 UTC 2021,"{""empty"":""TRUE""}"
Wed Dec 15 03:48:08 UTC 2021,"{""empty"":""TRUE""}"
Wed Dec 15 03:54:48 UTC 2021,"{""empty"":""TRUE""}"
Wed Dec 15 04:07:06 UTC 2021,"{""empty"":""TRUE""}"
Wed Dec 15 04:34:43 UTC 2021,"{""empty"":""TRUE""}"
Wed Dec 15 04:53:44 UTC 2021,"{""empty"":""TRUE""}"
Wed Dec 15 05:01:52 UTC 2021,"{""empty"":""TRUE""}"
Wed Dec 15 05:21:01 UTC 2021,"{""empty"":""TRUE""}"
Wed Dec 15 05:30:56 UTC 2021,"{""empty"":""TRUE""}"
Wed Dec 15 05:38:38 UTC 2021,"{""empty"":""TRUE""}"
Wed Dec 15 05:45:10 UTC 2021,"{""empty"":""TRUE""}"
Wed Dec 15 05:51:56 UTC 2021,"{""empty"":""TRUE""}"
Wed Dec 15 05:58:36 UTC 2021,"{""empty"":""TRUE""}"
Wed Dec 15 06:16:50 UTC 2021,"{""empty"":""TRUE""}"
Wed Dec 15 06:37:51 UTC 2021,"{""empty"":""TRUE""}"
Wed Dec 15 06:51:51 UTC 2021,"{""empty"":""TRUE""}"
Wed Dec 15 06:58:39 UTC 2021,"{""empty"":""TRUE""}"
Wed Dec 15 07:14:53 UTC 2021,"{""empty"":""TRUE""}"
Wed Dec 15 07:29:02 UTC 2021,"{""empty"":""TRUE""}"
Wed Dec 15 07:37:10 UTC 2021,"{""empty"":""TRUE""}"
Wed Dec 15 07:43:46 UTC 2021,"{""empty"":""TRUE""}"
Wed Dec 15 07:50:29 UTC 2021,"{""empty"":""TRUE""}"
Wed Dec 15 07:57:19 UTC 2021,"{""empty"":""TRUE""}"
Wed Dec 15 08:13:54 UTC 2021,"{""empty"":""TRUE""}"
Wed Dec 15 08:34:49 UTC 2021,"{""empty"":""TRUE""}"
Wed Dec 15 08:46:54 UTC 2021,"{""empty"":""TRUE""}"
Wed Dec 15 08:53:25 UTC 2021,"{""empty"":""TRUE""}"
Wed Dec 15 09:00:06 UTC 2021,"{""empty"":""TRUE""}"
Wed Dec 15 09:18:44 UTC 2021,"{""empty"":""TRUE""}"
Wed Dec 15 09:33:18 UTC 2021,"{""empty"":""TRUE""}"
Wed Dec 15 09:44:05 UTC 2021,"{""empty"":""TRUE""}"
Wed Dec 15 09:50:37 UTC 2021,"{""empty"":""TRUE""}"
Wed Dec 15 09:57:08 UTC 2021,"{""empty"":""TRUE""}"
Wed Dec 15 10:12:18 UTC 2021,"{""empty"":""TRUE""}"
Wed Dec 15 10:32:20 UTC 2021,"{""empty"":""TRUE""}"
Wed Dec 15 10:44:20 UTC 2021,"{""empty"":""TRUE""}"
Wed Dec 15 10:50:51 UTC 2021,"{""empty"":""TRUE""}"
Wed Dec 15 10:57:23 UTC 2021,"{""empty"":""TRUE""}"
Wed Dec 15 11:10:16 UTC 2021,"{""empty"":""TRUE""}"
Wed Dec 15 11:24:33 UTC 2021,"{""empty"":""TRUE""}"
Wed Dec 15 11:31:28 UTC 2021,"{""empty"":""TRUE""}"
Wed Dec 15 11:38:16 UTC 2021,"{""empty"":""TRUE""}"
Wed Dec 15 11:45:04 UTC 2021,"{""empty"":""TRUE""}"
Wed Dec 15 11:51:46 UTC 2021,"{""empty"":""TRUE""}"
Wed Dec 15 11:58:30 UTC 2021,"{""empty"":""TRUE""}"
Wed Dec 15 12:23:31 UTC 2021,"{""empty"":""TRUE""}"
Wed Dec 15 12:52:37 UTC 2021,"{""empty"":""TRUE""}"
Wed Dec 15 13:11:47 UTC 2021,"{""empty"":""TRUE""}"
Wed Dec 15 13:32:33 UTC 2021,"{""empty"":""TRUE""}"
Wed Dec 15 13:42:43 UTC 2021,"{""empty"":""TRUE""}"
Wed Dec 15 13:49:17 UTC 2021,"{""empty"":""TRUE""}"
Wed Dec 15 13:55:53 UTC 2021,"{""empty"":""TRUE""}"
Wed Dec 15 14:08:11 UTC 2021,"{""empty"":""TRUE""}"
Wed Dec 15 14:24:03 UTC 2021,"{""empty"":""TRUE""}"
Wed Dec 15 14:32:44 UTC 2021,"{""empty"":""TRUE""}"
Wed Dec 15 14:40:45 UTC 2021,"{""empty"":""TRUE""}"
Wed Dec 15 14:47:29 UTC 2021,"{""empty"":""TRUE""}"
Wed Dec 15 14:54:19 UTC 2021,"{""empty"":""TRUE""}"
Wed Dec 15 15:02:06 UTC 2021,"{""empty"":""TRUE""}"
Wed Dec 15 15:24:25 UTC 2021,"{""empty"":""TRUE""}"
Wed Dec 15 15:39:12 UTC 2021,"{""empty"":""TRUE""}"
Wed Dec 15 15:50:22 UTC 2021,"{""empty"":""TRUE""}"
Wed Dec 15 15:56:58 UTC 2021,"{""empty"":""TRUE""}"
Wed Dec 15 16:16:10 UTC 2021,"{""empty"":""TRUE""}"
Wed Dec 15 16:51:56 UTC 2021,"{""empty"":""TRUE""}"
Wed Dec 15 17:11:22 UTC 2021,"{""empty"":""TRUE""}"
Wed Dec 15 17:35:34 UTC 2021,"{""empty"":""TRUE""}"
Wed Dec 15 17:47:05 UTC 2021,"{""empty"":""TRUE""}"
Wed Dec 15 17:53:38 UTC 2021,"{""empty"":""TRUE""}"
Wed Dec 15 18:00:17 UTC 2021,"{""empty"":""TRUE""}"
Wed Dec 15 18:22:28 UTC 2021,"{""empty"":""TRUE""}"
Wed Dec 15 18:40:02 UTC 2021,"{""empty"":""TRUE""}"
Wed Dec 15 18:51:48 UTC 2021,"{""empty"":""TRUE""}"
Wed Dec 15 18:58:18 UTC 2021,"{""empty"":""TRUE""}"
Wed Dec 15 19:11:59 UTC 2021,"{""empty"":""TRUE""}"
Wed Dec 15 19:22:53 UTC 2021,"{""empty"":""TRUE""}"
Wed Dec 15 19:29:23 UTC 2021,"{""empty"":""TRUE""}"
Wed Dec 15 19:36:38 UTC 2021,"{""empty"":""TRUE""}"
Wed Dec 15 19:43:22 UTC 2021,"{""empty"":""TRUE""}"
Wed Dec 15 19:50:07 UTC 2021,"{""empty"":""TRUE""}"
Wed Dec 15 19:56:51 UTC 2021,"{""empty"":""TRUE""}"
Wed Dec 15 20:11:31 UTC 2021,"{""empty"":""TRUE""}"
Wed Dec 15 20:29:46 UTC 2021,"{""empty"":""TRUE""}"
Wed Dec 15 20:40:28 UTC 2021,"{""empty"":""TRUE""}"
Wed Dec 15 20:47:01 UTC 2021,"{""empty"":""TRUE""}"
Wed Dec 15 20:53:44 UTC 2021,"{""empty"":""TRUE""}"
Wed Dec 15 21:00:23 UTC 2021,"{""empty"":""TRUE""}"
Wed Dec 15 21:16:42 UTC 2021,"{""empty"":""TRUE""}"
Wed Dec 15 21:29:30 UTC 2021,"{""empty"":""TRUE""}"
Wed Dec 15 21:38:35 UTC 2021,"{""empty"":""TRUE""}"
Wed Dec 15 21:45:27 UTC 2021,"{""empty"":""TRUE""}"
Wed Dec 15 21:52:14 UTC 2021,"{""empty"":""TRUE""}"
Wed Dec 15 21:58:54 UTC 2021,"{""empty"":""TRUE""}"
Wed Dec 15 22:15:18 UTC 2021,"{""empty"":""TRUE""}"
Wed Dec 15 22:31:23 UTC 2021,"{""empty"":""TRUE""}"
Wed Dec 15 22:42:03 UTC 2021,"{""empty"":""TRUE""}"
Wed Dec 15 22:48:38 UTC 2021,"{""empty"":""TRUE""}"
Wed Dec 15 22:55:07 UTC 2021,"{""empty"":""TRUE""}"
Wed Dec 15 23:06:43 UTC 2021,"{""empty"":""TRUE""}"
Wed Dec 15 23:25:40 UTC 2021,"{""empty"":""TRUE""}"
Wed Dec 15 23:36:23 UTC 2021,"{""empty"":""TRUE""}"
Wed Dec 15 23:45:13 UTC 2021,"{""empty"":""TRUE""}"
Wed Dec 15 23:50:49 UTC 2021,"{""empty"":""TRUE""}"
Wed Dec 15 23:57:33 UTC 2021,"{""empty"":""TRUE""}"
Thu Dec 16 00:42:13 UTC 2021,"{""empty"":""TRUE""}"
Thu Dec 16 01:44:36 UTC 2021,"{""empty"":""TRUE""}"
Thu Dec 16 02:19:48 UTC 2021,"{""empty"":""TRUE""}"
Thu Dec 16 02:46:04 UTC 2021,"{""empty"":""TRUE""}"
Thu Dec 16 02:56:09 UTC 2021,"{""empty"":""TRUE""}"
Thu Dec 16 03:09:28 UTC 2021,"{""empty"":""TRUE""}"
Thu Dec 16 03:28:16 UTC 2021,"{""empty"":""TRUE""}"
Thu Dec 16 03:39:58 UTC 2021,"{""empty"":""TRUE""}"
Thu Dec 16 03:47:38 UTC 2021,"{""empty"":""TRUE""}"
Thu Dec 16 03:54:16 UTC 2021,"{""empty"":""TRUE""}"
Thu Dec 16 04:03:48 UTC 2021,"{""empty"":""TRUE""}"
Thu Dec 16 04:31:17 UTC 2021,"{""empty"":""TRUE""}"
Thu Dec 16 04:52:05 UTC 2021,"{""empty"":""TRUE""}"
Thu Dec 16 05:00:29 UTC 2021,"{""empty"":""TRUE""}"
Thu Dec 16 05:17:54 UTC 2021,"{""empty"":""TRUE""}"
Thu Dec 16 05:29:37 UTC 2021,"{""empty"":""TRUE""}"
Thu Dec 16 05:37:14 UTC 2021,"{""empty"":""TRUE""}"
Thu Dec 16 05:43:48 UTC 2021,"{""empty"":""TRUE""}"
Thu Dec 16 05:50:26 UTC 2021,"{""empty"":""TRUE""}"
Thu Dec 16 05:57:14 UTC 2021,"{""empty"":""TRUE""}"
Thu Dec 16 06:13:53 UTC 2021,"{""empty"":""TRUE""}"
Thu Dec 16 06:36:13 UTC 2021,"{""empty"":""TRUE""}"
Thu Dec 16 06:51:37 UTC 2021,"{""empty"":""TRUE""}"
Thu Dec 16 06:58:11 UTC 2021,"{""empty"":""TRUE""}"
Thu Dec 16 07:13:50 UTC 2021,"{""empty"":""TRUE""}"
Thu Dec 16 07:28:25 UTC 2021,"{""empty"":""TRUE""}"
Thu Dec 16 07:36:51 UTC 2021,"{""empty"":""TRUE""}"
Thu Dec 16 07:43:26 UTC 2021,"{""empty"":""TRUE""}"
Thu Dec 16 07:49:56 UTC 2021,"{""empty"":""TRUE""}"
Thu Dec 16 07:56:38 UTC 2021,"{""empty"":""TRUE""}"
Thu Dec 16 08:12:23 UTC 2021,"{""empty"":""TRUE""}"
Thu Dec 16 08:34:14 UTC 2021,"{""empty"":""TRUE""}"
Thu Dec 16 08:46:51 UTC 2021,"{""empty"":""TRUE""}"
Thu Dec 16 08:53:26 UTC 2021,"{""empty"":""TRUE""}"
Thu Dec 16 09:00:10 UTC 2021,"{""empty"":""TRUE""}"
Thu Dec 16 09:19:02 UTC 2021,"{""empty"":""TRUE""}"
Thu Dec 16 09:33:38 UTC 2021,"{""empty"":""TRUE""}"
Thu Dec 16 09:44:17 UTC 2021,"{""empty"":""TRUE""}"
Thu Dec 16 09:50:50 UTC 2021,"{""empty"":""TRUE""}"
Thu Dec 16 09:57:19 UTC 2021,"{""empty"":""TRUE""}"
Thu Dec 16 10:12:36 UTC 2021,"{""empty"":""TRUE""}"
Thu Dec 16 10:30:05 UTC 2021,"{""empty"":""TRUE""}"
Thu Dec 16 10:39:48 UTC 2021,"{""empty"":""TRUE""}"
Thu Dec 16 10:46:42 UTC 2021,"{""empty"":""TRUE""}"
Thu Dec 16 10:53:27 UTC 2021,"{""empty"":""TRUE""}"
Thu Dec 16 11:00:04 UTC 2021,"{""empty"":""TRUE""}"
Thu Dec 16 11:15:21 UTC 2021,"{""empty"":""TRUE""}"
Thu Dec 16 11:27:14 UTC 2021,"{""empty"":""TRUE""}"
Thu Dec 16 11:34:15 UTC 2021,"{""empty"":""TRUE""}"
Thu Dec 16 11:40:53 UTC 2021,"{""empty"":""TRUE""}"
Thu Dec 16 11:47:40 UTC 2021,"{""empty"":""TRUE""}"
Thu Dec 16 11:54:25 UTC 2021,"{""empty"":""TRUE""}"
Thu Dec 16 12:07:58 UTC 2021,"{""empty"":""TRUE""}"
Thu Dec 16 12:42:38 UTC 2021,"{""empty"":""TRUE""}"
Thu Dec 16 13:05:03 UTC 2021,"{""empty"":""TRUE""}"
Thu Dec 16 13:28:58 UTC 2021,"{""empty"":""TRUE""}"
Thu Dec 16 13:40:14 UTC 2021,"{""empty"":""TRUE""}"
Thu Dec 16 13:46:43 UTC 2021,"{""empty"":""TRUE""}"
Thu Dec 16 13:53:16 UTC 2021,"{""empty"":""TRUE""}"
Thu Dec 16 13:59:54 UTC 2021,"{""empty"":""TRUE""}"
Thu Dec 16 14:16:37 UTC 2021,"{""empty"":""TRUE""}"
Thu Dec 16 14:29:09 UTC 2021,"{""empty"":""TRUE""}"
Thu Dec 16 14:37:42 UTC 2021,"{""empty"":""TRUE""}"
Thu Dec 16 14:44:27 UTC 2021,"{""empty"":""TRUE""}"
Thu Dec 16 14:51:21 UTC 2021,"{""empty"":""TRUE""}"
Thu Dec 16 14:58:04 UTC 2021,"{""empty"":""TRUE""}"
Thu Dec 16 15:14:19 UTC 2021,"{""empty"":""TRUE""}"
Thu Dec 16 15:33:15 UTC 2021,"{""empty"":""TRUE""}"
Thu Dec 16 15:47:18 UTC 2021,"{""empty"":""TRUE""}"
Thu Dec 16 15:54:05 UTC 2021,"{""empty"":""TRUE""}"
Thu Dec 16 16:03:18 UTC 2021,"{""empty"":""TRUE""}"
Thu Dec 16 16:38:19 UTC 2021,"{""empty"":""TRUE""}"
Thu Dec 16 17:05:17 UTC 2021,"{""empty"":""TRUE""}"
Thu Dec 16 17:29:46 UTC 2021,"{""empty"":""TRUE""}"
Thu Dec 16 17:44:50 UTC 2021,"{""empty"":""TRUE""}"
Thu Dec 16 17:51:19 UTC 2021,"{""empty"":""TRUE""}"
Thu Dec 16 17:58:01 UTC 2021,"{""empty"":""TRUE""}"
Thu Dec 16 18:16:04 UTC 2021,"{""empty"":""TRUE""}"
Thu Dec 16 18:36:54 UTC 2021,"{""empty"":""TRUE""}"
Thu Dec 16 18:50:22 UTC 2021,"{""empty"":""TRUE""}"
Thu Dec 16 18:57:04 UTC 2021,"{""empty"":""TRUE""}"
Thu Dec 16 19:09:25 UTC 2021,"{""empty"":""TRUE""}"
Thu Dec 16 19:21:12 UTC 2021,"{""empty"":""TRUE""}"
Thu Dec 16 19:27:50 UTC 2021,"{""empty"":""TRUE""}"
Thu Dec 16 19:35:12 UTC 2021,"{""empty"":""TRUE""}"
Thu Dec 16 19:42:02 UTC 2021,"{""empty"":""TRUE""}"
Thu Dec 16 19:48:46 UTC 2021,"{""empty"":""TRUE""}"
Thu Dec 16 19:55:28 UTC 2021,"{""empty"":""TRUE""}"
Thu Dec 16 20:08:02 UTC 2021,"{""empty"":""TRUE""}"
Thu Dec 16 20:26:23 UTC 2021,"{""empty"":""TRUE""}"
Thu Dec 16 20:36:37 UTC 2021,"{""empty"":""TRUE""}"
Thu Dec 16 20:43:48 UTC 2021,"{""empty"":""TRUE""}"
Thu Dec 16 20:50:25 UTC 2021,"{""empty"":""TRUE""}"
Thu Dec 16 20:57:07 UTC 2021,"{""empty"":""TRUE""}"
Thu Dec 16 21:10:10 UTC 2021,"{""empty"":""TRUE""}"
Thu Dec 16 21:25:09 UTC 2021,"{""empty"":""TRUE""}"
Thu Dec 16 21:34:17 UTC 2021,"{""empty"":""TRUE""}"
Thu Dec 16 21:42:20 UTC 2021,"{""empty"":""TRUE""}"
Thu Dec 16 21:49:09 UTC 2021,"{""empty"":""TRUE""}"
Thu Dec 16 21:55:46 UTC 2021,"{""empty"":""TRUE""}"
Thu Dec 16 22:07:42 UTC 2021,"{""empty"":""TRUE""}"
Thu Dec 16 22:25:54 UTC 2021,"{""empty"":""TRUE""}"
Thu Dec 16 22:37:10 UTC 2021,"{""empty"":""TRUE""}"
Thu Dec 16 22:43:52 UTC 2021,"{""empty"":""TRUE""}"
Thu Dec 16 22:50:23 UTC 2021,"{""empty"":""TRUE""}"
Thu Dec 16 22:57:09 UTC 2021,"{""empty"":""TRUE""}"
Thu Dec 16 23:11:47 UTC 2021,"{""empty"":""TRUE""}"
Thu Dec 16 23:29:07 UTC 2021,"{""empty"":""TRUE""}"
Thu Dec 16 23:39:28 UTC 2021,"{""empty"":""TRUE""}"
Thu Dec 16 23:45:59 UTC 2021,"{""empty"":""TRUE""}"
Thu Dec 16 23:52:38 UTC 2021,"{""empty"":""TRUE""}"
Thu Dec 16 23:59:22 UTC 2021,"{""empty"":""TRUE""}"
Fri Dec 17 00:58:58 UTC 2021,"{""empty"":""TRUE""}"
Fri Dec 17 02:04:52 UTC 2021,"{""empty"":""TRUE""}"
Fri Dec 17 02:41:16 UTC 2021,"{""empty"":""TRUE""}"
Fri Dec 17 02:57:23 UTC 2021,"{""empty"":""TRUE""}"
Fri Dec 17 03:11:48 UTC 2021,"{""empty"":""TRUE""}"
Fri Dec 17 03:29:28 UTC 2021,"{""empty"":""TRUE""}"
Fri Dec 17 03:41:07 UTC 2021,"{""empty"":""TRUE""}"
Fri Dec 17 03:48:01 UTC 2021,"{""empty"":""TRUE""}"
Fri Dec 17 03:54:34 UTC 2021,"{""empty"":""TRUE""}"
Fri Dec 17 04:06:45 UTC 2021,"{""empty"":""TRUE""}"
Fri Dec 17 04:34:19 UTC 2021,"{""empty"":""TRUE""}"
Fri Dec 17 04:53:15 UTC 2021,"{""empty"":""TRUE""}"
Fri Dec 17 05:00:52 UTC 2021,"{""empty"":""TRUE""}"
Fri Dec 17 05:18:36 UTC 2021,"{""empty"":""TRUE""}"
Fri Dec 17 05:29:46 UTC 2021,"{""empty"":""TRUE""}"
Fri Dec 17 05:37:19 UTC 2021,"{""empty"":""TRUE""}"
Fri Dec 17 05:43:57 UTC 2021,"{""empty"":""TRUE""}"
Fri Dec 17 05:50:40 UTC 2021,"{""empty"":""TRUE""}"
Fri Dec 17 05:57:28 UTC 2021,"{""empty"":""TRUE""}"
Fri Dec 17 06:14:46 UTC 2021,"{""empty"":""TRUE""}"
Fri Dec 17 06:37:11 UTC 2021,"{""empty"":""TRUE""}"
Fri Dec 17 06:52:30 UTC 2021,"{""empty"":""TRUE""}"
Fri Dec 17 06:59:00 UTC 2021,"{""empty"":""TRUE""}"
Fri Dec 17 07:15:32 UTC 2021,"{""empty"":""TRUE""}"
Fri Dec 17 07:29:04 UTC 2021,"{""empty"":""TRUE""}"
Fri Dec 17 07:37:03 UTC 2021,"{""empty"":""TRUE""}"
Fri Dec 17 07:43:39 UTC 2021,"{""empty"":""TRUE""}"
Fri Dec 17 07:50:19 UTC 2021,"{""empty"":""TRUE""}"
Fri Dec 17 07:57:01 UTC 2021,"{""empty"":""TRUE""}"
Fri Dec 17 08:13:25 UTC 2021,"{""empty"":""TRUE""}"
Fri Dec 17 08:34:44 UTC 2021,"{""empty"":""TRUE""}"
Fri Dec 17 08:46:50 UTC 2021,"{""empty"":""TRUE""}"
Fri Dec 17 08:53:19 UTC 2021,"{""empty"":""TRUE""}"
Fri Dec 17 08:59:54 UTC 2021,"{""empty"":""TRUE""}"
Fri Dec 17 09:18:22 UTC 2021,"{""empty"":""TRUE""}"
Fri Dec 17 09:33:10 UTC 2021,"{""empty"":""TRUE""}"
Fri Dec 17 09:44:00 UTC 2021,"{""empty"":""TRUE""}"
Fri Dec 17 09:50:40 UTC 2021,"{""empty"":""TRUE""}"
Fri Dec 17 09:57:20 UTC 2021,"{""empty"":""TRUE""}"
Fri Dec 17 10:12:49 UTC 2021,"{""empty"":""TRUE""}"
Fri Dec 17 10:32:28 UTC 2021,"{""empty"":""TRUE""}"
Fri Dec 17 10:44:26 UTC 2021,"{""empty"":""TRUE""}"
Fri Dec 17 10:50:57 UTC 2021,"{""empty"":""TRUE""}"
Fri Dec 17 10:57:30 UTC 2021,"{""empty"":""TRUE""}"
Fri Dec 17 11:08:43 UTC 2021,"{""empty"":""TRUE""}"
Fri Dec 17 11:21:33 UTC 2021,"{""empty"":""TRUE""}"
Fri Dec 17 11:28:40 UTC 2021,"{""empty"":""TRUE""}"
Fri Dec 17 11:35:36 UTC 2021,"{""empty"":""TRUE""}"
Fri Dec 17 11:42:17 UTC 2021,"{""empty"":""TRUE""}"
Fri Dec 17 11:49:01 UTC 2021,"{""empty"":""TRUE""}"
Fri Dec 17 11:55:46 UTC 2021,"{""empty"":""TRUE""}"
Fri Dec 17 12:12:35 UTC 2021,"{""empty"":""TRUE""}"
Fri Dec 17 12:46:24 UTC 2021,"{""empty"":""TRUE""}"
Fri Dec 17 13:07:49 UTC 2021,"{""empty"":""TRUE""}"
Fri Dec 17 13:28:27 UTC 2021,"{""empty"":""TRUE""}"
Fri Dec 17 13:38:50 UTC 2021,"{""empty"":""TRUE""}"
Fri Dec 17 13:45:34 UTC 2021,"{""empty"":""TRUE""}"
Fri Dec 17 13:52:20 UTC 2021,"{""empty"":""TRUE""}"
Fri Dec 17 13:59:00 UTC 2021,"{""empty"":""TRUE""}"
Fri Dec 17 14:14:44 UTC 2021,"{""empty"":""TRUE""}"
Fri Dec 17 14:28:04 UTC 2021,"{""empty"":""TRUE""}"
Fri Dec 17 14:36:53 UTC 2021,"{""empty"":""TRUE""}"
Fri Dec 17 14:43:45 UTC 2021,"{""empty"":""TRUE""}"
Fri Dec 17 14:50:34 UTC 2021,"{""empty"":""TRUE""}"
Fri Dec 17 14:57:15 UTC 2021,"{""empty"":""TRUE""}"
Fri Dec 17 15:11:57 UTC 2021,"{""empty"":""TRUE""}"
Fri Dec 17 15:32:02 UTC 2021,"{""empty"":""TRUE""}"
Fri Dec 17 15:46:55 UTC 2021,"{""empty"":""TRUE""}"
Fri Dec 17 15:54:10 UTC 2021,"{""empty"":""TRUE""}"
Fri Dec 17 16:04:18 UTC 2021,"{""empty"":""TRUE""}"
Fri Dec 17 16:38:02 UTC 2021,"{""empty"":""TRUE""}"
Fri Dec 17 17:02:17 UTC 2021,"{""empty"":""TRUE""}"
Fri Dec 17 17:27:17 UTC 2021,"{""empty"":""TRUE""}"
Fri Dec 17 17:42:31 UTC 2021,"{""empty"":""TRUE""}"
Fri Dec 17 17:49:59 UTC 2021,"{""empty"":""TRUE""}"
Fri Dec 17 17:56:34 UTC 2021,"{""empty"":""TRUE""}"
Fri Dec 17 18:11:44 UTC 2021,"{""empty"":""TRUE""}"
Fri Dec 17 18:33:08 UTC 2021,"{""empty"":""TRUE""}"
Fri Dec 17 18:47:50 UTC 2021,"{""empty"":""TRUE""}"
Fri Dec 17 18:54:30 UTC 2021,"{""empty"":""TRUE""}"
Fri Dec 17 19:03:03 UTC 2021,"{""empty"":""TRUE""}"
Fri Dec 17 19:18:45 UTC 2021,"{""empty"":""TRUE""}"
Fri Dec 17 19:26:15 UTC 2021,"{""empty"":""TRUE""}"
Fri Dec 17 19:33:31 UTC 2021,"{""empty"":""TRUE""}"
Fri Dec 17 19:40:24 UTC 2021,"{""empty"":""TRUE""}"
Fri Dec 17 19:47:11 UTC 2021,"{""empty"":""TRUE""}"
Fri Dec 17 19:53:53 UTC 2021,"{""empty"":""TRUE""}"
Fri Dec 17 20:00:37 UTC 2021,"{""empty"":""TRUE""}"
Fri Dec 17 20:17:09 UTC 2021,"{""empty"":""TRUE""}"
Fri Dec 17 20:27:25 UTC 2021,"{""empty"":""TRUE""}"
Fri Dec 17 20:34:21 UTC 2021,"{""empty"":""TRUE""}"
Fri Dec 17 20:41:13 UTC 2021,"{""empty"":""TRUE""}"
Fri Dec 17 20:47:58 UTC 2021,"{""empty"":""TRUE""}"
Fri Dec 17 20:54:45 UTC 2021,"{""empty"":""TRUE""}"
Fri Dec 17 21:04:19 UTC 2021,"{""empty"":""TRUE""}"
Fri Dec 17 21:21:05 UTC 2021,"{""empty"":""TRUE""}"
Fri Dec 17 21:31:30 UTC 2021,"{""empty"":""TRUE""}"
Fri Dec 17 21:40:45 UTC 2021,"{""empty"":""TRUE""}"
Fri Dec 17 21:47:32 UTC 2021,"{""empty"":""TRUE""}"
Fri Dec 17 21:54:16 UTC 2021,"{""empty"":""TRUE""}"
Fri Dec 17 22:02:48 UTC 2021,"{""empty"":""TRUE""}"
Fri Dec 17 22:22:54 UTC 2021,"{""empty"":""TRUE""}"
Fri Dec 17 22:35:34 UTC 2021,"{""empty"":""TRUE""}"
Fri Dec 17 22:43:27 UTC 2021,"{""empty"":""TRUE""}"
Fri Dec 17 22:50:04 UTC 2021,"{""empty"":""TRUE""}"
Fri Dec 17 22:56:46 UTC 2021,"{""empty"":""TRUE""}"
Fri Dec 17 23:10:31 UTC 2021,"{""empty"":""TRUE""}"
Fri Dec 17 23:28:46 UTC 2021,"{""empty"":""TRUE""}"
Fri Dec 17 23:39:36 UTC 2021,"{""empty"":""TRUE""}"
Fri Dec 17 23:46:37 UTC 2021,"{""empty"":""TRUE""}"
Fri Dec 17 23:53:19 UTC 2021,"{""empty"":""TRUE""}"
Sat Dec 18 00:00:01 UTC 2021,"{""empty"":""TRUE""}"
Sat Dec 18 01:05:22 UTC 2021,"{""empty"":""TRUE""}"
Sat Dec 18 02:10:29 UTC 2021,"{""empty"":""TRUE""}"
Sat Dec 18 02:47:26 UTC 2021,"{""empty"":""TRUE""}"
Sat Dec 18 03:01:24 UTC 2021,"{""empty"":""TRUE""}"
Sat Dec 18 03:23:24 UTC 2021,"{""empty"":""TRUE""}"
Sat Dec 18 03:36:43 UTC 2021,"{""empty"":""TRUE""}"
Sat Dec 18 03:46:54 UTC 2021,"{""empty"":""TRUE""}"
Sat Dec 18 03:53:30 UTC 2021,"{""empty"":""TRUE""}"
Sat Dec 18 04:00:16 UTC 2021,"{""empty"":""TRUE""}"
Sat Dec 18 04:25:20 UTC 2021,"{""empty"":""TRUE""}"
Sat Dec 18 04:47:10 UTC 2021,"{""empty"":""TRUE""}"
Sat Dec 18 04:59:19 UTC 2021,"{""empty"":""TRUE""}"
Sat Dec 18 05:15:12 UTC 2021,"{""empty"":""TRUE""}"
Sat Dec 18 05:28:09 UTC 2021,"{""empty"":""TRUE""}"
Sat Dec 18 05:36:07 UTC 2021,"{""empty"":""TRUE""}"
Sat Dec 18 05:42:36 UTC 2021,"{""empty"":""TRUE""}"
Sat Dec 18 05:49:13 UTC 2021,"{""empty"":""TRUE""}"
Sat Dec 18 05:55:53 UTC 2021,"{""empty"":""TRUE""}"
Sat Dec 18 06:10:08 UTC 2021,"{""empty"":""TRUE""}"
Sat Dec 18 06:34:13 UTC 2021,"{""empty"":""TRUE""}"
Sat Dec 18 06:51:27 UTC 2021,"{""empty"":""TRUE""}"
Sat Dec 18 06:57:57 UTC 2021,"{""empty"":""TRUE""}"
Sat Dec 18 07:12:54 UTC 2021,"{""empty"":""TRUE""}"
Sat Dec 18 07:27:30 UTC 2021,"{""empty"":""TRUE""}"
Sat Dec 18 07:35:28 UTC 2021,"{""empty"":""TRUE""}"
Sat Dec 18 07:42:06 UTC 2021,"{""empty"":""TRUE""}"
Sat Dec 18 07:48:46 UTC 2021,"{""empty"":""TRUE""}"
Sat Dec 18 07:55:32 UTC 2021,"{""empty"":""TRUE""}"
Sat Dec 18 08:09:13 UTC 2021,"{""empty"":""TRUE""}"
Sat Dec 18 08:31:36 UTC 2021,"{""empty"":""TRUE""}"
Sat Dec 18 08:46:00 UTC 2021,"{""empty"":""TRUE""}"
Sat Dec 18 08:52:42 UTC 2021,"{""empty"":""TRUE""}"
Sat Dec 18 08:59:09 UTC 2021,"{""empty"":""TRUE""}"
Sat Dec 18 09:15:59 UTC 2021,"{""empty"":""TRUE""}"
Sat Dec 18 09:31:07 UTC 2021,"{""empty"":""TRUE""}"
Sat Dec 18 09:42:13 UTC 2021,"{""empty"":""TRUE""}"
Sat Dec 18 09:48:43 UTC 2021,"{""empty"":""TRUE""}"
Sat Dec 18 09:56:17 UTC 2021,"{""empty"":""TRUE""}"
Sat Dec 18 10:06:58 UTC 2021,"{""empty"":""TRUE""}"
Sat Dec 18 10:28:55 UTC 2021,"{""empty"":""TRUE""}"
Sat Dec 18 10:41:33 UTC 2021,"{""empty"":""TRUE""}"
Sat Dec 18 10:49:05 UTC 2021,"{""empty"":""TRUE""}"
Sat Dec 18 10:55:51 UTC 2021,"{""empty"":""TRUE""}"
Sat Dec 18 11:06:26 UTC 2021,"{""empty"":""TRUE""}"
Sat Dec 18 11:21:11 UTC 2021,"{""empty"":""TRUE""}"
Sat Dec 18 11:29:04 UTC 2021,"{""empty"":""TRUE""}"
Sat Dec 18 11:35:59 UTC 2021,"{""empty"":""TRUE""}"
Sat Dec 18 11:42:45 UTC 2021,"{""empty"":""TRUE""}"
Sat Dec 18 11:49:28 UTC 2021,"{""empty"":""TRUE""}"
Sat Dec 18 11:56:09 UTC 2021,"{""empty"":""TRUE""}"
Sat Dec 18 12:13:35 UTC 2021,"{""empty"":""TRUE""}"
Sat Dec 18 12:46:21 UTC 2021,"{""empty"":""TRUE""}"
Sat Dec 18 13:07:09 UTC 2021,"{""empty"":""TRUE""}"
Sat Dec 18 13:29:40 UTC 2021,"{""empty"":""TRUE""}"
Sat Dec 18 13:40:24 UTC 2021,"{""empty"":""TRUE""}"
Sat Dec 18 13:46:53 UTC 2021,"{""empty"":""TRUE""}"
Sat Dec 18 13:53:29 UTC 2021,"{""empty"":""TRUE""}"
Sat Dec 18 14:00:00 UTC 2021,"{""empty"":""TRUE""}"
Sat Dec 18 14:16:10 UTC 2021,"{""empty"":""TRUE""}"
Sat Dec 18 14:28:08 UTC 2021,"{""empty"":""TRUE""}"
Sat Dec 18 14:36:08 UTC 2021,"{""empty"":""TRUE""}"
Sat Dec 18 14:42:37 UTC 2021,"{""empty"":""TRUE""}"
Sat Dec 18 14:49:15 UTC 2021,"{""empty"":""TRUE""}"
Sat Dec 18 14:55:56 UTC 2021,"{""empty"":""TRUE""}"
Sat Dec 18 15:08:16 UTC 2021,"{""empty"":""TRUE""}"
Sat Dec 18 15:27:56 UTC 2021,"{""empty"":""TRUE""}"
Sat Dec 18 15:41:20 UTC 2021,"{""empty"":""TRUE""}"
Sat Dec 18 15:50:52 UTC 2021,"{""empty"":""TRUE""}"
Sat Dec 18 15:57:25 UTC 2021,"{""empty"":""TRUE""}"
Sat Dec 18 16:17:34 UTC 2021,"{""empty"":""TRUE""}"
Sat Dec 18 16:52:35 UTC 2021,"{""empty"":""TRUE""}"
Sat Dec 18 17:10:53 UTC 2021,"{""empty"":""TRUE""}"
Sat Dec 18 17:34:51 UTC 2021,"{""empty"":""TRUE""}"
Sat Dec 18 17:46:52 UTC 2021,"{""empty"":""TRUE""}"
Sat Dec 18 17:53:28 UTC 2021,"{""empty"":""TRUE""}"
Sat Dec 18 18:00:10 UTC 2021,"{""empty"":""TRUE""}"
Sat Dec 18 18:21:54 UTC 2021,"{""empty"":""TRUE""}"
Sat Dec 18 18:39:28 UTC 2021,"{""empty"":""TRUE""}"
Sat Dec 18 18:51:05 UTC 2021,"{""empty"":""TRUE""}"
Sat Dec 18 18:57:41 UTC 2021,"{""empty"":""TRUE""}"
Sat Dec 18 19:09:56 UTC 2021,"{""empty"":""TRUE""}"
Sat Dec 18 19:20:37 UTC 2021,"{""empty"":""TRUE""}"
Sat Dec 18 19:27:24 UTC 2021,"{""empty"":""TRUE""}"
Sat Dec 18 19:34:36 UTC 2021,"{""empty"":""TRUE""}"
Sat Dec 18 19:41:07 UTC 2021,"{""empty"":""TRUE""}"
Sat Dec 18 19:47:58 UTC 2021,"{""empty"":""TRUE""}"
Sat Dec 18 19:54:36 UTC 2021,"{""empty"":""TRUE""}"
Sat Dec 18 20:06:07 UTC 2021,"{""empty"":""TRUE""}"
Sat Dec 18 20:25:56 UTC 2021,"{""empty"":""TRUE""}"
Sat Dec 18 20:36:31 UTC 2021,"{""empty"":""TRUE""}"
Sat Dec 18 20:44:17 UTC 2021,"{""empty"":""TRUE""}"
Sat Dec 18 20:51:01 UTC 2021,"{""empty"":""TRUE""}"
Sat Dec 18 20:57:42 UTC 2021,"{""empty"":""TRUE""}"
Sat Dec 18 21:11:59 UTC 2021,"{""empty"":""TRUE""}"
Sat Dec 18 21:28:32 UTC 2021,"{""empty"":""TRUE""}"
Sat Dec 18 21:38:36 UTC 2021,"{""empty"":""TRUE""}"
Sat Dec 18 21:45:30 UTC 2021,"{""empty"":""TRUE""}"
Sat Dec 18 21:52:17 UTC 2021,"{""empty"":""TRUE""}"
Sat Dec 18 21:58:55 UTC 2021,"{""empty"":""TRUE""}"
Sat Dec 18 22:14:47 UTC 2021,"{""empty"":""TRUE""}"
Sat Dec 18 22:30:44 UTC 2021,"{""empty"":""TRUE""}"
Sat Dec 18 22:40:55 UTC 2021,"{""empty"":""TRUE""}"
Sat Dec 18 22:47:37 UTC 2021,"{""empty"":""TRUE""}"
Sat Dec 18 22:54:16 UTC 2021,"{""empty"":""TRUE""}"
Sat Dec 18 23:02:40 UTC 2021,"{""empty"":""TRUE""}"
Sat Dec 18 23:22:50 UTC 2021,"{""empty"":""TRUE""}"
Sat Dec 18 23:33:38 UTC 2021,"{""empty"":""TRUE""}"
Sat Dec 18 23:42:21 UTC 2021,"{""empty"":""TRUE""}"
Sat Dec 18 23:48:58 UTC 2021,"{""empty"":""TRUE""}"
Sat Dec 18 23:55:49 UTC 2021,"{""empty"":""TRUE""}"
Sun Dec 19 00:32:14 UTC 2021,"{""empty"":""TRUE""}"
Sun Dec 19 01:48:51 UTC 2021,"{""empty"":""TRUE""}"
Sun Dec 19 02:27:15 UTC 2021,"{""empty"":""TRUE""}"
Sun Dec 19 02:52:42 UTC 2021,"{""empty"":""TRUE""}"
Sun Dec 19 03:01:25 UTC 2021,"{""empty"":""TRUE""}"
Sun Dec 19 03:22:43 UTC 2021,"{""empty"":""TRUE""}"
Sun Dec 19 03:35:38 UTC 2021,"{""empty"":""TRUE""}"
Sun Dec 19 03:45:33 UTC 2021,"{""empty"":""TRUE""}"
Sun Dec 19 03:52:00 UTC 2021,"{""empty"":""TRUE""}"
Sun Dec 19 03:58:42 UTC 2021,"{""empty"":""TRUE""}"
Sun Dec 19 04:19:57 UTC 2021,"{""empty"":""TRUE""}"
Sun Dec 19 04:45:11 UTC 2021,"{""empty"":""TRUE""}"
Sun Dec 19 04:58:47 UTC 2021,"{""empty"":""TRUE""}"
Sun Dec 19 05:14:27 UTC 2021,"{""empty"":""TRUE""}"
Sun Dec 19 05:28:04 UTC 2021,"{""empty"":""TRUE""}"
Sun Dec 19 05:36:11 UTC 2021,"{""empty"":""TRUE""}"
Sun Dec 19 05:42:44 UTC 2021,"{""empty"":""TRUE""}"
Sun Dec 19 05:49:15 UTC 2021,"{""empty"":""TRUE""}"
Sun Dec 19 05:55:46 UTC 2021,"{""empty"":""TRUE""}"
Sun Dec 19 06:09:30 UTC 2021,"{""empty"":""TRUE""}"
Sun Dec 19 06:32:47 UTC 2021,"{""empty"":""TRUE""}"
Sun Dec 19 06:50:02 UTC 2021,"{""empty"":""TRUE""}"
Sun Dec 19 06:56:33 UTC 2021,"{""empty"":""TRUE""}"
Sun Dec 19 07:09:53 UTC 2021,"{""empty"":""TRUE""}"
Sun Dec 19 07:25:31 UTC 2021,"{""empty"":""TRUE""}"
Sun Dec 19 07:33:58 UTC 2021,"{""empty"":""TRUE""}"
Sun Dec 19 07:40:28 UTC 2021,"{""empty"":""TRUE""}"
Sun Dec 19 07:47:11 UTC 2021,"{""empty"":""TRUE""}"
Sun Dec 19 07:53:53 UTC 2021,"{""empty"":""TRUE""}"
Sun Dec 19 08:01:04 UTC 2021,"{""empty"":""TRUE""}"
Sun Dec 19 08:25:16 UTC 2021,"{""empty"":""TRUE""}"
Sun Dec 19 08:40:28 UTC 2021,"{""empty"":""TRUE""}"
Sun Dec 19 08:49:51 UTC 2021,"{""empty"":""TRUE""}"
Sun Dec 19 08:56:37 UTC 2021,"{""empty"":""TRUE""}"
Sun Dec 19 09:10:02 UTC 2021,"{""empty"":""TRUE""}"
Sun Dec 19 09:27:55 UTC 2021,"{""empty"":""TRUE""}"
Sun Dec 19 09:39:01 UTC 2021,"{""empty"":""TRUE""}"
Sun Dec 19 09:45:58 UTC 2021,"{""empty"":""TRUE""}"
Sun Dec 19 09:52:40 UTC 2021,"{""empty"":""TRUE""}"
Sun Dec 19 09:59:16 UTC 2021,"{""empty"":""TRUE""}"
Sun Dec 19 10:17:30 UTC 2021,"{""empty"":""TRUE""}"
Sun Dec 19 10:34:21 UTC 2021,"{""empty"":""TRUE""}"
Sun Dec 19 10:44:37 UTC 2021,"{""empty"":""TRUE""}"
Sun Dec 19 10:51:16 UTC 2021,"{""empty"":""TRUE""}"
Sun Dec 19 10:57:49 UTC 2021,"{""empty"":""TRUE""}"
Sun Dec 19 11:10:27 UTC 2021,"{""empty"":""TRUE""}"
Sun Dec 19 11:23:50 UTC 2021,"{""empty"":""TRUE""}"
Sun Dec 19 11:30:38 UTC 2021,"{""empty"":""TRUE""}"
Sun Dec 19 11:37:11 UTC 2021,"{""empty"":""TRUE""}"
Sun Dec 19 11:43:51 UTC 2021,"{""empty"":""TRUE""}"
Sun Dec 19 11:50:38 UTC 2021,"{""empty"":""TRUE""}"
Sun Dec 19 11:57:21 UTC 2021,"{""empty"":""TRUE""}"
Sun Dec 19 12:18:43 UTC 2021,"{""empty"":""TRUE""}"
Sun Dec 19 12:50:31 UTC 2021,"{""empty"":""TRUE""}"
Sun Dec 19 13:10:33 UTC 2021,"{""empty"":""TRUE""}"
Sun Dec 19 13:31:20 UTC 2021,"{""empty"":""TRUE""}"
Sun Dec 19 13:41:28 UTC 2021,"{""empty"":""TRUE""}"
Sun Dec 19 13:48:07 UTC 2021,"{""empty"":""TRUE""}"
Sun Dec 19 13:54:36 UTC 2021,"{""empty"":""TRUE""}"
Sun Dec 19 14:04:05 UTC 2021,"{""empty"":""TRUE""}"
Sun Dec 19 14:21:17 UTC 2021,"{""empty"":""TRUE""}"
Sun Dec 19 14:30:29 UTC 2021,"{""empty"":""TRUE""}"
Sun Dec 19 14:38:30 UTC 2021,"{""empty"":""TRUE""}"
Sun Dec 19 14:45:04 UTC 2021,"{""empty"":""TRUE""}"
Sun Dec 19 14:51:57 UTC 2021,"{""empty"":""TRUE""}"
Sun Dec 19 14:58:36 UTC 2021,"{""empty"":""TRUE""}"
Sun Dec 19 15:14:56 UTC 2021,"{""empty"":""TRUE""}"
Sun Dec 19 15:32:50 UTC 2021,"{""empty"":""TRUE""}"
Sun Dec 19 15:46:39 UTC 2021,"{""empty"":""TRUE""}"
Sun Dec 19 15:53:25 UTC 2021,"{""empty"":""TRUE""}"
Sun Dec 19 16:00:04 UTC 2021,"{""empty"":""TRUE""}"
Sun Dec 19 16:28:34 UTC 2021,"{""empty"":""TRUE""}"
Sun Dec 19 17:00:24 UTC 2021,"{""empty"":""TRUE""}"
Sun Dec 19 17:24:40 UTC 2021,"{""empty"":""TRUE""}"
Sun Dec 19 17:41:05 UTC 2021,"{""empty"":""TRUE""}"
Sun Dec 19 17:49:41 UTC 2021,"{""empty"":""TRUE""}"
Sun Dec 19 17:56:13 UTC 2021,"{""empty"":""TRUE""}"
Sun Dec 19 18:10:17 UTC 2021,"{""empty"":""TRUE""}"
Sun Dec 19 18:32:27 UTC 2021,"{""empty"":""TRUE""}"
Sun Dec 19 18:47:56 UTC 2021,"{""empty"":""TRUE""}"
Sun Dec 19 18:54:28 UTC 2021,"{""empty"":""TRUE""}"
Sun Dec 19 19:02:54 UTC 2021,"{""empty"":""TRUE""}"
Sun Dec 19 19:17:54 UTC 2021,"{""empty"":""TRUE""}"
Sun Dec 19 19:24:50 UTC 2021,"{""empty"":""TRUE""}"
Sun Dec 19 19:31:35 UTC 2021,"{""empty"":""TRUE""}"
Sun Dec 19 19:38:27 UTC 2021,"{""empty"":""TRUE""}"
Sun Dec 19 19:45:06 UTC 2021,"{""empty"":""TRUE""}"
Sun Dec 19 19:51:46 UTC 2021,"{""empty"":""TRUE""}"
Sun Dec 19 19:58:28 UTC 2021,"{""empty"":""TRUE""}"
Sun Dec 19 20:15:07 UTC 2021,"{""empty"":""TRUE""}"
Sun Dec 19 20:31:22 UTC 2021,"{""empty"":""TRUE""}"
Sun Dec 19 20:42:18 UTC 2021,"{""empty"":""TRUE""}"
Sun Dec 19 20:48:46 UTC 2021,"{""empty"":""TRUE""}"
Sun Dec 19 20:55:28 UTC 2021,"{""empty"":""TRUE""}"
Sun Dec 19 21:06:16 UTC 2021,"{""empty"":""TRUE""}"
Sun Dec 19 21:21:47 UTC 2021,"{""empty"":""TRUE""}"
Sun Dec 19 21:31:19 UTC 2021,"{""empty"":""TRUE""}"
Sun Dec 19 21:39:59 UTC 2021,"{""empty"":""TRUE""}"
Sun Dec 19 21:46:36 UTC 2021,"{""empty"":""TRUE""}"
